total/epochs,epoch/episode,total/time,epoch/time,obs_rms_std,train/actor_loss,epoch/steps,train/critic_loss,eval/reward_sum,epoch/reward_sum,reference_action_mean,reference_actor_Q_std,reference_action_std,total/episode,eval/mean_forward,reference_Q_std,obs_rms_mean,total/steps,reference_actor_Q_mean
1,521,2083.7908565998077,2082.771192073822,143.0463695526123,19.48563716621645,29.11708253358925,6.830596571932049,564.2830925027039,-18.5259910739976,2.0836710035800934,115.19339752197266,2.320537269115448,521,-0.11406401501974106,121.77289962768555,20.25066375732422,15360,
2,410,5215.476666927338,3128.568257331848,178.85055541992188,-9.526433164152317,37.71463414634146,9.847339028134941,908.2590029907853,-1.7447974682044094,2.018074691295624,140.6632423400879,2.287190556526184,931,0.021605130996569875,148.1426601409912,18.88340711593628,30720,
3,353,6975.870587110519,1757.5793652534485,181.28686904907227,-32.5257832469698,42.934844192634564,10.075231743358076,885.5005013828222,16.05411532472651,2.0540099442005157,128.69029235839844,2.3122455775737762,1284,0.14184955736371646,137.45854949951172,16.86817765235901,46080,0.16552281379699707
4,235,8626.669456720352,1648.7851829528809,164.1508674621582,-42.3432265252918,65.44680851063829,9.704872275955974,1227.150086333435,25.252677845588224,2.1464129984378815,118.25876235961914,2.3477028906345367,1519,0.5034768233344209,124.5824031829834,14.64468002319336,61440,
